{"cameraMode":{"drawMode":0,"name":"Shaded","section":"Shading Mode"},"sceneLighting":true,"audioPlay":false,"sceneViewState":{"m_AlwaysRefresh":false,"showFog":true,"showSkybox":true,"showFlares":true,"showImageEffects":true,"showParticleSystems":true,"showVisualEffectGraphs":true,"m_FxEnabled":true},"in2DMode":false,"pivot":{"x":-5.15555477142334,"y":12.111940383911133,"z":-27.304628372192384},"rotation":{"x":-0.3636568486690521,"y":0.017361516132950784,"z":-0.006688997615128756,"w":-0.9311924576759338},"size":1.5156075954437256,"orthographic":false}