{"cameraMode":{"drawMode":0,"name":"Shaded","section":"Shading Mode"},"sceneLighting":true,"audioPlay":false,"sceneViewState":{"m_AlwaysRefresh":false,"showFog":true,"showSkybox":true,"showFlares":true,"showImageEffects":true,"showParticleSystems":true,"showVisualEffectGraphs":true,"m_FxEnabled":true},"in2DMode":false,"pivot":{"x":-1.1594915390014649,"y":17.1926326751709,"z":-32.95348358154297},"rotation":{"x":-0.3270893394947052,"y":0.014774044044315815,"z":-0.005028943996876478,"w":-0.9447118043899536},"size":1.5156075954437256,"orthographic":false}