{"cameraMode":{"drawMode":0,"name":"Shaded","section":"Shading Mode"},"sceneLighting":true,"audioPlay":false,"sceneViewState":{"m_AlwaysRefresh":false,"showFog":true,"showSkybox":true,"showFlares":true,"showImageEffects":true,"showParticleSystems":true,"showVisualEffectGraphs":true,"m_FxEnabled":true},"in2DMode":false,"pivot":{"x":-5.211104393005371,"y":13.145564079284668,"z":-27.092348098754884},"rotation":{"x":-0.298589825630188,"y":0.01777997985482216,"z":-0.005480732303112745,"w":-0.9540483355522156},"size":1.5156075954437256,"orthographic":false}