{"cameraMode":{"drawMode":0,"name":"Shaded","section":"Shading Mode"},"sceneLighting":true,"audioPlay":false,"sceneViewState":{"m_AlwaysRefresh":false,"showFog":true,"showSkybox":true,"showFlares":true,"showImageEffects":true,"showParticleSystems":true,"showVisualEffectGraphs":true,"m_FxEnabled":true},"in2DMode":false,"pivot":{"x":-8.638982772827149,"y":10.130643844604493,"z":-25.618385314941408},"rotation":{"x":-0.3756427466869354,"y":0.12374190241098404,"z":-0.050601087510585788,"w":-0.9169141054153442},"size":1.5156075954437256,"orthographic":false}